[
  {
    "inputs": [],
    "name": "count",
    "outputs": [
      {
        "internalType": "uint256",
        "name": "",
        "type": "uint256"
      }
    ],
    "stateMutability": "view",
    "type": "function"
  },
  {
    "inputs": [],
    "name": "increment",
    "outputs": [],
    "stateMutability": "nonpayable",
    "type": "function"
  },
  {
    "anonymous": false,
    "inputs": [
      {
        "indexed": true,
        "internalType": "address",
        "name": "by",
        "type": "address"
      },
      {
        "indexed": false,
        "internalType": "uint256",
        "name": "newValue",
        "type": "uint256"
      }
    ],
    "name": "Incremented",
    "type": "event"
  }
]